{
  "g_winner_prob": {
    "Belgium": 0.15862,
    "Egypt": 0.592,
    "Iran": 0.24938,
    "New Zealand": 0.0
  },
  "g_runnerup_prob": {
    "Belgium": 0.57604,
    "Egypt": 0.17106,
    "Iran": 0.16734,
    "New Zealand": 0.08556
  },
  "third_advance_prob": {
    "Mexico": 0.0,
    "South Korea": 0.42614,
    "Czechia": 0.13316,
    "South Africa": 0.12792,
    "Switzerland": 0.0,
    "Canada": 0.0,
    "Qatar": 0.0,
    "Bosnia": 0.0,
    "Brazil": 0.07418,
    "Morocco": 0.04598,
    "Scotland": 0.75274,
    "Haiti": 0.0558,
    "USA": 0.0,
    "Australia": 0.2886,
    "T\u00fcrkiye": 0.15284,
    "Paraguay": 0.47734,
    "Germany": 0.0,
    "Ecuador": 0.04972,
    "C\u00f4te d'Ivoire": 0.4212,
    "Cura\u00e7ao": 0.05238,
    "Netherlands": 0.02702,
    "Japan": 0.28742,
    "Sweden": 0.67506,
    "Tunisia": 0.0001,
    "Belgium": 0.14896,
    "Egypt": 0.23694,
    "Iran": 0.28504,
    "New Zealand": 0.03812,
    "Spain": 0.02054,
    "Uruguay": 0.2236,
    "Saudi Arabia": 0.02132,
    "Cabo Verde": 0.07972,
    "France": 0.0,
    "Senegal": 0.16072,
    "Norway": 0.0,
    "Iraq": 0.33404,
    "Argentina": 0.0,
    "Algeria": 0.54296,
    "Austria": 0.3276,
    "Jordan": 0.02962,
    "Portugal": 0.0,
    "Colombia": 0.0,
    "Uzbekistan": 0.13534,
    "DR Congo": 0.39048,
    "England": 0.00696,
    "Croatia": 0.50448,
    "Ghana": 0.40354,
    "Panama": 0.06242
  },
  "match82_joint_prob": {
    "Iran vs Algeria": 0.1299,
    "Iran vs C\u00f4te d'Ivoire": 0.10054,
    "Iran vs South Korea": 0.10192,
    "Egypt vs Senegal": 0.09564,
    "Egypt vs Algeria": 0.33062,
    "Egypt vs Czechia": 0.08278,
    "Iran vs Senegal": 0.04012,
    "Iran vs Austria": 0.08088,
    "Iran vs Spain": 0.00502,
    "Iran vs Cura\u00e7ao": 0.01244,
    "Egypt vs C\u00f4te d'Ivoire": 0.2566,
    "Egypt vs Austria": 0.19662,
    "Egypt vs Iraq": 0.22292,
    "Egypt vs South Korea": 0.25962,
    "Iran vs Uruguay": 0.04782,
    "Iran vs Iraq": 0.0675,
    "Egypt vs Ecuador": 0.0308,
    "Egypt vs South Africa": 0.07512,
    "Egypt vs Uruguay": 0.1451,
    "Egypt vs Cura\u00e7ao": 0.03136,
    "Iran vs Cabo Verde": 0.01824,
    "Egypt vs Jordan": 0.01846,
    "Belgium vs South Korea": 0.0646,
    "Belgium vs Iraq": 0.04362,
    "Belgium vs Algeria": 0.08244,
    "Belgium vs South Africa": 0.02054,
    "Belgium vs Uruguay": 0.03068,
    "Belgium vs Senegal": 0.02496,
    "Egypt vs Cabo Verde": 0.05064,
    "Belgium vs Austria": 0.0501,
    "Belgium vs Czechia": 0.01972,
    "Belgium vs C\u00f4te d'Ivoire": 0.06406,
    "Egypt vs Saudi Arabia": 0.01308,
    "Iran vs South Africa": 0.03226,
    "Belgium vs Spain": 0.00312,
    "Iran vs Czechia": 0.03066,
    "Belgium vs Cura\u00e7ao": 0.00858,
    "Belgium vs Jordan": 0.00422,
    "Belgium vs Cabo Verde": 0.01084,
    "Belgium vs Ecuador": 0.0075,
    "Iran vs Ecuador": 0.01142,
    "Iran vs Jordan": 0.00694,
    "Iran vs Saudi Arabia": 0.0048,
    "Egypt vs Spain": 0.0124,
    "Belgium vs Saudi Arabia": 0.00344
  },
  "methods": {},
  "n_sims": 50000,
  "timestamp": 1782318314.308908,
  "computed_at": "2026-06-24T16:25:14.309151Z"
}