{
  "g_winner_prob": {
    "Belgium": 0.32344,
    "Egypt": 0.25058,
    "Iran": 0.26018,
    "New Zealand": 0.1658
  },
  "g_runnerup_prob": {
    "Belgium": 0.2698,
    "Egypt": 0.25522,
    "Iran": 0.2568,
    "New Zealand": 0.21818
  },
  "third_advance_prob": {
    "Mexico": 0.13186,
    "South Korea": 0.13828,
    "Czechia": 0.21908,
    "South Africa": 0.1623,
    "Switzerland": 0.11058,
    "Canada": 0.10642,
    "Qatar": 0.12254,
    "Bosnia": 0.13712,
    "Brazil": 0.16242,
    "Morocco": 0.18226,
    "Scotland": 0.1856,
    "Haiti": 0.12412,
    "USA": 0.11806,
    "Australia": 0.06726,
    "T\u00fcrkiye": 0.11934,
    "Paraguay": 0.08984,
    "Germany": 0.06742,
    "Ecuador": 0.22542,
    "C\u00f4te d'Ivoire": 0.24664,
    "Cura\u00e7ao": 0.16588,
    "Netherlands": 0.26414,
    "Japan": 0.27758,
    "Sweden": 0.15602,
    "Tunisia": 0.2054,
    "Belgium": 0.20498,
    "Egypt": 0.22994,
    "Iran": 0.22664,
    "New Zealand": 0.2371,
    "Spain": 0.13274,
    "Uruguay": 0.2154,
    "Saudi Arabia": 0.25256,
    "Cabo Verde": 0.21226,
    "France": 0.13964,
    "Senegal": 0.17018,
    "Norway": 0.15936,
    "Iraq": 0.1595,
    "Argentina": 0.12408,
    "Algeria": 0.1701,
    "Austria": 0.16554,
    "Jordan": 0.15642,
    "Portugal": 0.14368,
    "Colombia": 0.15134,
    "Uzbekistan": 0.1628,
    "DR Congo": 0.1701,
    "England": 0.1385,
    "Croatia": 0.1575,
    "Ghana": 0.16702,
    "Panama": 0.16704
  },
  "match82_joint_prob": {
    "Belgium vs Argentina": 0.03962,
    "Belgium vs Saudi Arabia": 0.08342,
    "Belgium vs South Africa": 0.05254,
    "Belgium vs Cura\u00e7ao": 0.05324,
    "Iran vs Iraq": 0.0418,
    "Iran vs Algeria": 0.04512,
    "Iran vs Cura\u00e7ao": 0.04306,
    "Iran vs Czechia": 0.0574,
    "Iran vs Uruguay": 0.0565,
    "Iran vs Cabo Verde": 0.05434,
    "Iran vs South Africa": 0.0429,
    "Iran vs Argentina": 0.03328,
    "Iran vs France": 0.03606,
    "Iran vs Jordan": 0.04048,
    "Iran vs Saudi Arabia": 0.06504,
    "Egypt vs Cabo Verde": 0.05268,
    "Egypt vs Algeria": 0.04084,
    "Egypt vs Mexico": 0.03342,
    "Iran vs Senegal": 0.04428,
    "Iran vs C\u00f4te d'Ivoire": 0.06564,
    "Iran vs Spain": 0.03504,
    "Belgium vs Jordan": 0.05018,
    "Belgium vs South Korea": 0.04554,
    "Iran vs Ecuador": 0.0584,
    "Belgium vs Czechia": 0.07112,
    "Belgium vs Ecuador": 0.07378,
    "Belgium vs Iraq": 0.05286,
    "Egypt vs Czechia": 0.05472,
    "Egypt vs Norway": 0.03912,
    "Egypt vs Ecuador": 0.05628,
    "Egypt vs Saudi Arabia": 0.06296,
    "Iran vs Norway": 0.04184,
    "Iran vs Austria": 0.04232,
    "Egypt vs Senegal": 0.04256,
    "Egypt vs Cura\u00e7ao": 0.0416,
    "Egypt vs Austria": 0.0411,
    "Belgium vs Uruguay": 0.06894,
    "New Zealand vs Austria": 0.0279,
    "New Zealand vs France": 0.0223,
    "New Zealand vs South Africa": 0.02782,
    "Belgium vs C\u00f4te d'Ivoire": 0.07918,
    "Belgium vs Cabo Verde": 0.0697,
    "Belgium vs France": 0.04654,
    "New Zealand vs Saudi Arabia": 0.04114,
    "New Zealand vs Jordan": 0.02616,
    "New Zealand vs Ecuador": 0.03696,
    "New Zealand vs Iraq": 0.0256,
    "Belgium vs Germany": 0.0216,
    "Belgium vs Senegal": 0.05578,
    "New Zealand vs Uruguay": 0.035,
    "New Zealand vs Argentina": 0.01948,
    "Belgium vs Spain": 0.04188,
    "Belgium vs Mexico": 0.04198,
    "Belgium vs Austria": 0.05422,
    "Belgium vs Norway": 0.05066,
    "Egypt vs France": 0.03474,
    "Egypt vs Uruguay": 0.05496,
    "Egypt vs Iraq": 0.03924,
    "Egypt vs Germany": 0.01762,
    "Egypt vs Argentina": 0.0317,
    "New Zealand vs Spain": 0.02276,
    "New Zealand vs C\u00f4te d'Ivoire": 0.04082,
    "New Zealand vs Mexico": 0.02276,
    "Iran vs South Korea": 0.03624,
    "New Zealand vs Cabo Verde": 0.03554,
    "New Zealand vs South Korea": 0.02176,
    "Egypt vs C\u00f4te d'Ivoire": 0.061,
    "Egypt vs South Africa": 0.03904,
    "Egypt vs South Korea": 0.03474,
    "Egypt vs Spain": 0.03306,
    "Egypt vs Jordan": 0.0396,
    "Iran vs Mexico": 0.0337,
    "New Zealand vs Germany": 0.01096,
    "New Zealand vs Czechia": 0.03584,
    "Iran vs Germany": 0.01724,
    "New Zealand vs Norway": 0.02774,
    "New Zealand vs Cura\u00e7ao": 0.02798,
    "Belgium vs Algeria": 0.0555,
    "New Zealand vs Senegal": 0.02756,
    "New Zealand vs Algeria": 0.02864
  },
  "methods": {},
  "n_sims": 50000,
  "timestamp": 1781634580.5216901,
  "computed_at": "2026-06-16T18:29:40.521961Z"
}