{
  "g_winner_prob": {
    "Belgium": 0.3215,
    "Egypt": 0.25244,
    "Iran": 0.26036,
    "New Zealand": 0.1657
  },
  "g_runnerup_prob": {
    "Belgium": 0.27196,
    "Egypt": 0.25546,
    "Iran": 0.25724,
    "New Zealand": 0.21534
  },
  "third_advance_prob": {
    "Mexico": 0.11478,
    "South Korea": 0.12708,
    "Czechia": 0.17006,
    "South Africa": 0.13232,
    "Switzerland": 0.0907,
    "Canada": 0.09148,
    "Qatar": 0.10772,
    "Bosnia": 0.08908,
    "Brazil": 0.14186,
    "Morocco": 0.15954,
    "Scotland": 0.165,
    "Haiti": 0.09072,
    "USA": 0.10018,
    "Australia": 0.11604,
    "T\u00fcrkiye": 0.1875,
    "Paraguay": 0.14898,
    "Germany": 0.1158,
    "Ecuador": 0.34418,
    "C\u00f4te d'Ivoire": 0.21296,
    "Cura\u00e7ao": 0.1582,
    "Netherlands": 0.25502,
    "Japan": 0.26612,
    "Sweden": 0.15126,
    "Tunisia": 0.18496,
    "Belgium": 0.19552,
    "Egypt": 0.21676,
    "Iran": 0.21336,
    "New Zealand": 0.22528,
    "Spain": 0.1418,
    "Uruguay": 0.20984,
    "Saudi Arabia": 0.2399,
    "Cabo Verde": 0.23358,
    "France": 0.10848,
    "Senegal": 0.31092,
    "Norway": 0.14542,
    "Iraq": 0.22112,
    "Argentina": 0.07074,
    "Algeria": 0.29268,
    "Austria": 0.16138,
    "Jordan": 0.23038,
    "Portugal": 0.12828,
    "Colombia": 0.12456,
    "Uzbekistan": 0.13772,
    "DR Congo": 0.1412,
    "England": 0.11822,
    "Croatia": 0.13174,
    "Ghana": 0.13944,
    "Panama": 0.14014
  },
  "match82_joint_prob": {
    "Iran vs C\u00f4te d'Ivoire": 0.05376,
    "Iran vs Argentina": 0.01806,
    "Iran vs Spain": 0.03654,
    "Iran vs Iraq": 0.05676,
    "Egypt vs Ecuador": 0.08746,
    "Egypt vs Saudi Arabia": 0.0614,
    "New Zealand vs Iraq": 0.03904,
    "New Zealand vs Saudi Arabia": 0.03946,
    "New Zealand vs C\u00f4te d'Ivoire": 0.0359,
    "New Zealand vs South Africa": 0.0216,
    "New Zealand vs Algeria": 0.04808,
    "Belgium vs Ecuador": 0.1095,
    "Belgium vs Iraq": 0.07034,
    "Belgium vs Jordan": 0.074,
    "Belgium vs Uruguay": 0.06704,
    "Iran vs Austria": 0.04122,
    "Iran vs South Africa": 0.0351,
    "Iran vs Uruguay": 0.05526,
    "Iran vs Ecuador": 0.08998,
    "Iran vs France": 0.02856,
    "Iran vs Jordan": 0.0613,
    "Iran vs Senegal": 0.07896,
    "Iran vs Cura\u00e7ao": 0.04084,
    "Iran vs Mexico": 0.02972,
    "New Zealand vs Spain": 0.02296,
    "New Zealand vs Ecuador": 0.05724,
    "New Zealand vs Mexico": 0.0179,
    "New Zealand vs Germany": 0.01826,
    "New Zealand vs France": 0.01698,
    "New Zealand vs South Korea": 0.02048,
    "New Zealand vs Uruguay": 0.03568,
    "Iran vs Czechia": 0.04328,
    "Belgium vs Algeria": 0.09458,
    "Belgium vs South Korea": 0.04082,
    "Belgium vs Spain": 0.0466,
    "Egypt vs South Korea": 0.032,
    "Egypt vs Cabo Verde": 0.05926,
    "Egypt vs Senegal": 0.07808,
    "Egypt vs Iraq": 0.05498,
    "Egypt vs Cura\u00e7ao": 0.04006,
    "Egypt vs Spain": 0.0357,
    "Egypt vs Jordan": 0.05578,
    "Egypt vs Germany": 0.0284,
    "Egypt vs Norway": 0.03772,
    "New Zealand vs Austria": 0.02592,
    "Belgium vs Saudi Arabia": 0.0758,
    "Belgium vs Cura\u00e7ao": 0.0514,
    "Belgium vs South Africa": 0.0428,
    "Belgium vs Norway": 0.0469,
    "Iran vs Algeria": 0.07632,
    "Egypt vs Czechia": 0.04292,
    "Egypt vs Austria": 0.04228,
    "Belgium vs Czechia": 0.05526,
    "Belgium vs Cabo Verde": 0.07534,
    "Belgium vs France": 0.03472,
    "New Zealand vs Cabo Verde": 0.03876,
    "Belgium vs Senegal": 0.10148,
    "Iran vs Cabo Verde": 0.06022,
    "Iran vs Germany": 0.0311,
    "Iran vs Saudi Arabia": 0.06324,
    "Iran vs South Korea": 0.03378,
    "New Zealand vs Norway": 0.02302,
    "Belgium vs Austria": 0.05196,
    "Egypt vs C\u00f4te d'Ivoire": 0.05518,
    "Egypt vs Uruguay": 0.05186,
    "Egypt vs Argentina": 0.01902,
    "Egypt vs Algeria": 0.0737,
    "Belgium vs Germany": 0.03804,
    "New Zealand vs Senegal": 0.0524,
    "Belgium vs C\u00f4te d'Ivoire": 0.06812,
    "Iran vs Norway": 0.03778,
    "Belgium vs Mexico": 0.03696,
    "Egypt vs France": 0.02822,
    "New Zealand vs Cura\u00e7ao": 0.0259,
    "New Zealand vs Jordan": 0.0393,
    "New Zealand vs Argentina": 0.01164,
    "New Zealand vs Czechia": 0.0286,
    "Egypt vs South Africa": 0.03282,
    "Belgium vs Argentina": 0.02202,
    "Egypt vs Mexico": 0.0302
  },
  "methods": {},
  "n_sims": 50000,
  "timestamp": 1781715435.7429733,
  "computed_at": "2026-06-17T16:57:15.743225Z"
}