{
  "g_winner_prob": {
    "Belgium": 0.32154,
    "Egypt": 0.24902,
    "Iran": 0.26018,
    "New Zealand": 0.16926
  },
  "g_runnerup_prob": {
    "Belgium": 0.26644,
    "Egypt": 0.25798,
    "Iran": 0.25852,
    "New Zealand": 0.21706
  },
  "third_advance_prob": {
    "Mexico": 0.04972,
    "South Korea": 0.1994,
    "Czechia": 0.30652,
    "South Africa": 0.19096,
    "Switzerland": 0.08344,
    "Canada": 0.0875,
    "Qatar": 0.20838,
    "Bosnia": 0.18346,
    "Brazil": 0.1159,
    "Morocco": 0.12688,
    "Scotland": 0.13508,
    "Haiti": 0.06064,
    "USA": 0.0675,
    "Australia": 0.09054,
    "T\u00fcrkiye": 0.15106,
    "Paraguay": 0.1154,
    "Germany": 0.1139,
    "Ecuador": 0.31558,
    "C\u00f4te d'Ivoire": 0.19788,
    "Cura\u00e7ao": 0.12276,
    "Netherlands": 0.23978,
    "Japan": 0.24232,
    "Sweden": 0.15332,
    "Tunisia": 0.15186,
    "Belgium": 0.1884,
    "Egypt": 0.2001,
    "Iran": 0.19322,
    "New Zealand": 0.1996,
    "Spain": 0.13394,
    "Uruguay": 0.19308,
    "Saudi Arabia": 0.20768,
    "Cabo Verde": 0.20666,
    "France": 0.10658,
    "Senegal": 0.2745,
    "Norway": 0.13794,
    "Iraq": 0.18762,
    "Argentina": 0.07088,
    "Algeria": 0.24608,
    "Austria": 0.1485,
    "Jordan": 0.19792,
    "Portugal": 0.16948,
    "Colombia": 0.08632,
    "Uzbekistan": 0.1655,
    "DR Congo": 0.20714,
    "England": 0.0965,
    "Croatia": 0.25924,
    "Ghana": 0.21806,
    "Panama": 0.19528
  },
  "match82_joint_prob": {
    "Egypt vs Czechia": 0.07646,
    "Egypt vs Cabo Verde": 0.05114,
    "Egypt vs Ecuador": 0.07842,
    "Belgium vs Algeria": 0.07842,
    "Belgium vs France": 0.0342,
    "Belgium vs Czechia": 0.09826,
    "Belgium vs Saudi Arabia": 0.06682,
    "Belgium vs Ecuador": 0.10144,
    "New Zealand vs Norway": 0.02398,
    "New Zealand vs Austria": 0.0252,
    "New Zealand vs Czechia": 0.05302,
    "New Zealand vs Cura\u00e7ao": 0.02024,
    "New Zealand vs Senegal": 0.0442,
    "New Zealand vs Uruguay": 0.03316,
    "Belgium vs C\u00f4te d'Ivoire": 0.06278,
    "Belgium vs Senegal": 0.08978,
    "Belgium vs Uruguay": 0.06214,
    "Egypt vs Spain": 0.03238,
    "Egypt vs Jordan": 0.04924,
    "Iran vs C\u00f4te d'Ivoire": 0.05166,
    "Iran vs Jordan": 0.05064,
    "Iran vs Senegal": 0.0713,
    "Belgium vs South Korea": 0.06408,
    "Belgium vs Jordan": 0.06382,
    "Egypt vs Iraq": 0.04684,
    "Egypt vs Austria": 0.0364,
    "Egypt vs Mexico": 0.01236,
    "Egypt vs Uruguay": 0.04912,
    "Egypt vs France": 0.02648,
    "Egypt vs Algeria": 0.06206,
    "Egypt vs Germany": 0.02794,
    "Egypt vs Senegal": 0.06922,
    "Egypt vs South Korea": 0.04984,
    "Egypt vs Cura\u00e7ao": 0.03114,
    "Iran vs Algeria": 0.06492,
    "Iran vs Ecuador": 0.0823,
    "Iran vs Saudi Arabia": 0.055,
    "Egypt vs Saudi Arabia": 0.05158,
    "Egypt vs Norway": 0.03398,
    "Egypt vs C\u00f4te d'Ivoire": 0.04874,
    "Egypt vs South Africa": 0.04728,
    "New Zealand vs Saudi Arabia": 0.03428,
    "New Zealand vs Algeria": 0.04068,
    "Belgium vs Mexico": 0.01602,
    "New Zealand vs Jordan": 0.03422,
    "New Zealand vs Cabo Verde": 0.03462,
    "New Zealand vs C\u00f4te d'Ivoire": 0.0347,
    "Belgium vs Austria": 0.04762,
    "Belgium vs Cura\u00e7ao": 0.04054,
    "Belgium vs Norway": 0.0442,
    "Iran vs Uruguay": 0.04866,
    "Iran vs Cura\u00e7ao": 0.03084,
    "Iran vs South Korea": 0.05142,
    "Iran vs Iraq": 0.0496,
    "Belgium vs South Africa": 0.0632,
    "Belgium vs Spain": 0.04276,
    "Iran vs Cabo Verde": 0.05434,
    "Iran vs South Africa": 0.05014,
    "Iran vs Norway": 0.03578,
    "Iran vs Spain": 0.03566,
    "Iran vs Germany": 0.03002,
    "Iran vs France": 0.02766,
    "Iran vs Argentina": 0.01816,
    "Iran vs Czechia": 0.07878,
    "Egypt vs Argentina": 0.01724,
    "New Zealand vs Iraq": 0.03248,
    "New Zealand vs Spain": 0.02314,
    "New Zealand vs South Africa": 0.03034,
    "Belgium vs Iraq": 0.0587,
    "New Zealand vs France": 0.01824,
    "Belgium vs Germany": 0.0369,
    "Belgium vs Cabo Verde": 0.06656,
    "New Zealand vs Ecuador": 0.05342,
    "New Zealand vs South Korea": 0.03406,
    "New Zealand vs Mexico": 0.00826,
    "New Zealand vs Argentina": 0.0121,
    "Iran vs Austria": 0.03928,
    "New Zealand vs Germany": 0.01904,
    "Belgium vs Argentina": 0.02338,
    "Iran vs Mexico": 0.01308
  },
  "methods": {},
  "n_sims": 50000,
  "timestamp": 1781886873.8548968,
  "computed_at": "2026-06-19T16:34:33.855129Z"
}