{
  "g_winner_prob": {
    "Belgium": 0.1605,
    "Egypt": 0.59292,
    "Iran": 0.24658,
    "New Zealand": 0.0
  },
  "g_runnerup_prob": {
    "Belgium": 0.57706,
    "Egypt": 0.17186,
    "Iran": 0.1664,
    "New Zealand": 0.08468
  },
  "third_advance_prob": {
    "Mexico": 0.0,
    "South Korea": 0.40478,
    "Czechia": 0.13662,
    "South Africa": 0.12786,
    "Switzerland": 0.0,
    "Canada": 0.0,
    "Qatar": 0.0,
    "Bosnia": 0.0,
    "Brazil": 0.07348,
    "Morocco": 0.04732,
    "Scotland": 0.71172,
    "Haiti": 0.051,
    "USA": 0.0,
    "Australia": 0.27462,
    "T\u00fcrkiye": 0.14514,
    "Paraguay": 0.4595,
    "Germany": 0.0,
    "Ecuador": 0.0479,
    "C\u00f4te d'Ivoire": 0.3953,
    "Cura\u00e7ao": 0.0504,
    "Netherlands": 0.0259,
    "Japan": 0.29008,
    "Sweden": 0.6626,
    "Tunisia": 4e-05,
    "Belgium": 0.14632,
    "Egypt": 0.23522,
    "Iran": 0.28104,
    "New Zealand": 0.0366,
    "Spain": 0.02134,
    "Uruguay": 0.21252,
    "Saudi Arabia": 0.02106,
    "Cabo Verde": 0.07986,
    "France": 0.0,
    "Senegal": 0.17314,
    "Norway": 0.0,
    "Iraq": 0.45112,
    "Argentina": 0.00066,
    "Algeria": 0.319,
    "Austria": 0.4242,
    "Jordan": 0.1711,
    "Portugal": 0.13962,
    "Colombia": 0.11134,
    "Uzbekistan": 0.20468,
    "DR Congo": 0.24044,
    "England": 0.07248,
    "Croatia": 0.27396,
    "Ghana": 0.27624,
    "Panama": 0.2038
  },
  "match82_joint_prob": {
    "Iran vs Austria": 0.1013,
    "Iran vs Uruguay": 0.04588,
    "Egypt vs Austria": 0.2588,
    "Egypt vs Iraq": 0.28166,
    "Egypt vs Cura\u00e7ao": 0.03016,
    "Egypt vs Algeria": 0.18982,
    "Egypt vs Czechia": 0.08454,
    "Iran vs C\u00f4te d'Ivoire": 0.09024,
    "Iran vs Iraq": 0.10322,
    "Egypt vs South Korea": 0.24626,
    "Belgium vs Austria": 0.0641,
    "Belgium vs South Africa": 0.02072,
    "Belgium vs Iraq": 0.06624,
    "Belgium vs Cabo Verde": 0.01164,
    "Belgium vs South Korea": 0.06202,
    "Egypt vs Uruguay": 0.13666,
    "Egypt vs C\u00f4te d'Ivoire": 0.2448,
    "Iran vs South Korea": 0.0965,
    "Belgium vs Czechia": 0.01968,
    "Belgium vs Jordan": 0.02638,
    "Egypt vs Senegal": 0.1083,
    "Egypt vs Ecuador": 0.02918,
    "Belgium vs Uruguay": 0.02998,
    "Egypt vs South Africa": 0.07644,
    "Belgium vs Algeria": 0.05124,
    "Belgium vs Senegal": 0.025,
    "Belgium vs Ecuador": 0.008,
    "Iran vs Algeria": 0.07794,
    "Belgium vs C\u00f4te d'Ivoire": 0.06026,
    "Egypt vs Spain": 0.01266,
    "Iran vs Czechia": 0.0324,
    "Iran vs Senegal": 0.03984,
    "Iran vs Jordan": 0.03956,
    "Egypt vs Jordan": 0.10516,
    "Iran vs Cabo Verde": 0.01702,
    "Iran vs Saudi Arabia": 0.00508,
    "Iran vs Cura\u00e7ao": 0.01266,
    "Egypt vs Cabo Verde": 0.0512,
    "Iran vs South Africa": 0.0307,
    "Iran vs Ecuador": 0.01072,
    "Egypt vs Saudi Arabia": 0.01264,
    "Iran vs Spain": 0.00492,
    "Belgium vs Spain": 0.00376,
    "Belgium vs Cura\u00e7ao": 0.00758,
    "Belgium vs Argentina": 0.00014,
    "Egypt vs Argentina": 0.00038,
    "Belgium vs Saudi Arabia": 0.00334,
    "Iran vs Argentina": 0.00014
  },
  "methods": {},
  "n_sims": 50000,
  "timestamp": 1782232158.3884618,
  "computed_at": "2026-06-23T16:29:18.388704Z"
}