{
  "g_winner_prob": {
    "Belgium": 0.32322,
    "Egypt": 0.2524,
    "Iran": 0.25756,
    "New Zealand": 0.16682
  },
  "g_runnerup_prob": {
    "Belgium": 0.26842,
    "Egypt": 0.25432,
    "Iran": 0.25994,
    "New Zealand": 0.21732
  },
  "third_advance_prob": {
    "Mexico": 0.05014,
    "South Korea": 0.18406,
    "Czechia": 0.27968,
    "South Africa": 0.16814,
    "Switzerland": 0.07908,
    "Canada": 0.084,
    "Qatar": 0.17544,
    "Bosnia": 0.1657,
    "Brazil": 0.13844,
    "Morocco": 0.20354,
    "Scotland": 0.36236,
    "Haiti": 0.0384,
    "USA": 0.02098,
    "Australia": 0.24122,
    "T\u00fcrkiye": 0.16786,
    "Paraguay": 0.26512,
    "Germany": 0.11226,
    "Ecuador": 0.2915,
    "C\u00f4te d'Ivoire": 0.18696,
    "Cura\u00e7ao": 0.10466,
    "Netherlands": 0.22252,
    "Japan": 0.2362,
    "Sweden": 0.14622,
    "Tunisia": 0.12908,
    "Belgium": 0.1764,
    "Egypt": 0.18542,
    "Iran": 0.18046,
    "New Zealand": 0.18598,
    "Spain": 0.12744,
    "Uruguay": 0.17548,
    "Saudi Arabia": 0.19416,
    "Cabo Verde": 0.19036,
    "France": 0.09936,
    "Senegal": 0.2499,
    "Norway": 0.13398,
    "Iraq": 0.16454,
    "Argentina": 0.066,
    "Algeria": 0.21252,
    "Austria": 0.14368,
    "Jordan": 0.17626,
    "Portugal": 0.15728,
    "Colombia": 0.08184,
    "Uzbekistan": 0.1429,
    "DR Congo": 0.18514,
    "England": 0.09352,
    "Croatia": 0.23862,
    "Ghana": 0.2026,
    "Panama": 0.1826
  },
  "match82_joint_prob": {
    "Belgium vs Germany": 0.03768,
    "Belgium vs South Africa": 0.0536,
    "Iran vs Uruguay": 0.04498,
    "Iran vs Iraq": 0.04362,
    "Egypt vs Cabo Verde": 0.04802,
    "Egypt vs Jordan": 0.04612,
    "Egypt vs Czechia": 0.06946,
    "Egypt vs Ecuador": 0.07358,
    "Iran vs C\u00f4te d'Ivoire": 0.04846,
    "Iran vs Cabo Verde": 0.04862,
    "Iran vs South Africa": 0.04364,
    "Belgium vs Algeria": 0.0709,
    "Belgium vs Senegal": 0.0813,
    "Belgium vs Cabo Verde": 0.06156,
    "Belgium vs Argentina": 0.0214,
    "Belgium vs Ecuador": 0.0928,
    "Belgium vs South Korea": 0.05896,
    "Egypt vs Norway": 0.03462,
    "Egypt vs Germany": 0.02804,
    "New Zealand vs C\u00f4te d'Ivoire": 0.02976,
    "New Zealand vs Spain": 0.02186,
    "New Zealand vs South Africa": 0.0282,
    "Egypt vs Algeria": 0.05212,
    "Egypt vs Cura\u00e7ao": 0.02622,
    "Egypt vs Senegal": 0.06448,
    "Egypt vs Saudi Arabia": 0.049,
    "New Zealand vs Uruguay": 0.02862,
    "New Zealand vs Jordan": 0.02906,
    "Belgium vs Czechia": 0.09172,
    "Belgium vs Austria": 0.04722,
    "Iran vs Senegal": 0.06426,
    "Iran vs Saudi Arabia": 0.05076,
    "Belgium vs Jordan": 0.05604,
    "Belgium vs Mexico": 0.0163,
    "Belgium vs Saudi Arabia": 0.06206,
    "Belgium vs C\u00f4te d'Ivoire": 0.06044,
    "New Zealand vs Algeria": 0.03572,
    "New Zealand vs Cabo Verde": 0.03216,
    "Belgium vs Norway": 0.0443,
    "Belgium vs France": 0.03208,
    "Belgium vs Uruguay": 0.05724,
    "New Zealand vs Argentina": 0.01084,
    "New Zealand vs Iraq": 0.0285,
    "New Zealand vs Ecuador": 0.05022,
    "Iran vs Algeria": 0.05378,
    "Iran vs Ecuador": 0.0749,
    "Iran vs Czechia": 0.0726,
    "Iran vs Austria": 0.03664,
    "Iran vs South Korea": 0.0469,
    "Iran vs Jordan": 0.04504,
    "Iran vs Germany": 0.02818,
    "Iran vs Argentina": 0.01734,
    "Iran vs Spain": 0.0324,
    "Iran vs Cura\u00e7ao": 0.02704,
    "Belgium vs Iraq": 0.05186,
    "New Zealand vs Norway": 0.02152,
    "New Zealand vs Saudi Arabia": 0.03234,
    "Egypt vs Mexico": 0.01228,
    "Egypt vs Uruguay": 0.04464,
    "New Zealand vs Senegal": 0.03986,
    "New Zealand vs Germany": 0.01836,
    "Egypt vs C\u00f4te d'Ivoire": 0.0483,
    "Egypt vs South Africa": 0.0427,
    "Egypt vs Iraq": 0.04056,
    "Egypt vs Austria": 0.03668,
    "New Zealand vs Mexico": 0.00846,
    "Belgium vs Spain": 0.04132,
    "New Zealand vs Austria": 0.02314,
    "Egypt vs Argentina": 0.01642,
    "Egypt vs Spain": 0.03186,
    "Egypt vs South Korea": 0.04698,
    "New Zealand vs France": 0.01678,
    "Iran vs Mexico": 0.0131,
    "New Zealand vs Czechia": 0.0459,
    "Egypt vs France": 0.02528,
    "Belgium vs Cura\u00e7ao": 0.03366,
    "Iran vs Norway": 0.03354,
    "New Zealand vs South Korea": 0.03122,
    "New Zealand vs Cura\u00e7ao": 0.01774,
    "Iran vs France": 0.02522
  },
  "methods": {},
  "n_sims": 50000,
  "timestamp": 1781970449.4626367,
  "computed_at": "2026-06-20T15:47:29.462855Z"
}