{
  "g_winner_prob": {
    "Belgium": 0.67214,
    "Egypt": 0.10396,
    "Iran": 0.11098,
    "New Zealand": 0.11292
  },
  "g_runnerup_prob": {
    "Belgium": 0.21254,
    "Egypt": 0.2582,
    "Iran": 0.26474,
    "New Zealand": 0.26452
  },
  "third_advance_prob": {
    "Mexico": 0.0114,
    "South Korea": 0.22566,
    "Czechia": 0.21218,
    "South Africa": 0.21492,
    "Switzerland": 0.04094,
    "Canada": 0.03774,
    "Qatar": 0.07672,
    "Bosnia": 0.2264,
    "Brazil": 0.0541,
    "Morocco": 0.073,
    "Scotland": 0.337,
    "Haiti": 0.0673,
    "USA": 0.0043,
    "Australia": 0.22038,
    "T\u00fcrkiye": 0.23076,
    "Paraguay": 0.20268,
    "Germany": 0.01096,
    "Ecuador": 0.20634,
    "C\u00f4te d'Ivoire": 0.15612,
    "Cura\u00e7ao": 0.3935,
    "Netherlands": 0.18676,
    "Japan": 0.2156,
    "Sweden": 0.42964,
    "Tunisia": 0.12658,
    "Belgium": 0.07502,
    "Egypt": 0.2208,
    "Iran": 0.21838,
    "New Zealand": 0.2136,
    "Spain": 0.0698,
    "Uruguay": 0.12874,
    "Saudi Arabia": 0.23526,
    "Cabo Verde": 0.23236,
    "France": 0.10276,
    "Senegal": 0.28254,
    "Norway": 0.13476,
    "Iraq": 0.18708,
    "Argentina": 0.00772,
    "Algeria": 0.16906,
    "Austria": 0.15588,
    "Jordan": 0.1892,
    "Portugal": 0.17912,
    "Colombia": 0.08592,
    "Uzbekistan": 0.1666,
    "DR Congo": 0.21152,
    "England": 0.0931,
    "Croatia": 0.2696,
    "Ghana": 0.21032,
    "Panama": 0.19988
  },
  "match82_joint_prob": {
    "Egypt vs Cura\u00e7ao": 0.04066,
    "Egypt vs Saudi Arabia": 0.0239,
    "Egypt vs Czechia": 0.0216,
    "Belgium vs Jordan": 0.12756,
    "Belgium vs Senegal": 0.1921,
    "Belgium vs Saudi Arabia": 0.15944,
    "Belgium vs Cura\u00e7ao": 0.26414,
    "Belgium vs South Korea": 0.15278,
    "Belgium vs Iraq": 0.12606,
    "Iran vs C\u00f4te d'Ivoire": 0.01712,
    "Iran vs Norway": 0.0154,
    "Iran vs South Korea": 0.02476,
    "Iran vs Jordan": 0.02146,
    "Iran vs Saudi Arabia": 0.0254,
    "Belgium vs Czechia": 0.14382,
    "Belgium vs Algeria": 0.1158,
    "Belgium vs Uruguay": 0.08622,
    "Belgium vs Norway": 0.09102,
    "Belgium vs Austria": 0.10518,
    "Belgium vs Cabo Verde": 0.1586,
    "Belgium vs France": 0.0685,
    "Belgium vs C\u00f4te d'Ivoire": 0.10506,
    "Egypt vs Norway": 0.0133,
    "Egypt vs Uruguay": 0.01362,
    "New Zealand vs Algeria": 0.01766,
    "New Zealand vs Cabo Verde": 0.02546,
    "New Zealand vs South Korea": 0.02568,
    "Belgium vs Ecuador": 0.13906,
    "Belgium vs South Africa": 0.145,
    "Iran vs Cura\u00e7ao": 0.04408,
    "New Zealand vs Cura\u00e7ao": 0.04462,
    "New Zealand vs Czechia": 0.02364,
    "New Zealand vs Uruguay": 0.01496,
    "Egypt vs Cabo Verde": 0.02246,
    "Egypt vs France": 0.01046,
    "New Zealand vs Iraq": 0.0205,
    "Egypt vs South Korea": 0.02244,
    "Egypt vs Algeria": 0.01778,
    "Egypt vs C\u00f4te d'Ivoire": 0.01648,
    "New Zealand vs Norway": 0.01504,
    "New Zealand vs South Africa": 0.02414,
    "Belgium vs Spain": 0.04656,
    "Iran vs Iraq": 0.02094,
    "Iran vs Czechia": 0.02312,
    "Iran vs Austria": 0.01714,
    "Iran vs South Africa": 0.02218,
    "Egypt vs Senegal": 0.02898,
    "Egypt vs Jordan": 0.0194,
    "Iran vs Cabo Verde": 0.02584,
    "Iran vs Ecuador": 0.02296,
    "Egypt vs Mexico": 0.00112,
    "Egypt vs Austria": 0.01664,
    "New Zealand vs Saudi Arabia": 0.02652,
    "New Zealand vs C\u00f4te d'Ivoire": 0.01746,
    "Iran vs Uruguay": 0.01394,
    "Iran vs Senegal": 0.0298,
    "New Zealand vs Austria": 0.01692,
    "New Zealand vs Ecuador": 0.0238,
    "New Zealand vs Senegal": 0.03166,
    "Egypt vs Spain": 0.00732,
    "Egypt vs South Africa": 0.0236,
    "New Zealand vs France": 0.01176,
    "New Zealand vs Mexico": 0.0012,
    "Belgium vs Germany": 0.00778,
    "New Zealand vs Jordan": 0.02078,
    "Egypt vs Iraq": 0.01958,
    "Iran vs Argentina": 0.00106,
    "New Zealand vs Spain": 0.00824,
    "Iran vs France": 0.01204,
    "Iran vs Algeria": 0.01782,
    "Belgium vs Argentina": 0.00504,
    "Egypt vs Ecuador": 0.02052,
    "Iran vs Spain": 0.00768,
    "Iran vs Mexico": 0.0013,
    "Belgium vs Mexico": 0.00778,
    "Iran vs Germany": 0.00088,
    "New Zealand vs Argentina": 0.00084,
    "Egypt vs Germany": 0.00102,
    "New Zealand vs Germany": 0.00128,
    "Egypt vs Argentina": 0.00078
  },
  "methods": {},
  "n_sims": 50000,
  "timestamp": 1782057460.1255236,
  "computed_at": "2026-06-21T15:57:40.125748Z"
}