{
  "g_winner_prob": {
    "Belgium": 0.33012,
    "Egypt": 0.2528,
    "Iran": 0.25382,
    "New Zealand": 0.16326
  },
  "g_runnerup_prob": {
    "Belgium": 0.26582,
    "Egypt": 0.25882,
    "Iran": 0.26162,
    "New Zealand": 0.21374
  },
  "third_advance_prob": {
    "Mexico": 0.13614,
    "South Korea": 0.15038,
    "Czechia": 0.23664,
    "South Africa": 0.17002,
    "Switzerland": 0.10928,
    "Canada": 0.11284,
    "Qatar": 0.12976,
    "Bosnia": 0.15334,
    "Brazil": 0.16914,
    "Morocco": 0.18988,
    "Scotland": 0.19414,
    "Haiti": 0.1394,
    "USA": 0.13568,
    "Australia": 0.07286,
    "T\u00fcrkiye": 0.13442,
    "Paraguay": 0.1006,
    "Germany": 0.07088,
    "Ecuador": 0.2353,
    "C\u00f4te d'Ivoire": 0.25508,
    "Cura\u00e7ao": 0.17668,
    "Netherlands": 0.26712,
    "Japan": 0.28284,
    "Sweden": 0.16016,
    "Tunisia": 0.20682,
    "Belgium": 0.15834,
    "Egypt": 0.17068,
    "Iran": 0.16988,
    "New Zealand": 0.17398,
    "Spain": 0.09874,
    "Uruguay": 0.18888,
    "Saudi Arabia": 0.20008,
    "Cabo Verde": 0.19186,
    "France": 0.14728,
    "Senegal": 0.17768,
    "Norway": 0.17172,
    "Iraq": 0.17264,
    "Argentina": 0.12614,
    "Algeria": 0.18272,
    "Austria": 0.17764,
    "Jordan": 0.1712,
    "Portugal": 0.15442,
    "Colombia": 0.15672,
    "Uzbekistan": 0.17582,
    "DR Congo": 0.1792,
    "England": 0.14616,
    "Croatia": 0.16274,
    "Ghana": 0.17896,
    "Panama": 0.17712
  },
  "match82_joint_prob": {
    "Iran vs Ecuador": 0.0589,
    "Iran vs South Africa": 0.04318,
    "Iran vs Norway": 0.04352,
    "Iran vs Jordan": 0.04372,
    "Egypt vs Ecuador": 0.06086,
    "Egypt vs Cabo Verde": 0.04912,
    "Egypt vs Senegal": 0.04446,
    "Egypt vs Czechia": 0.0588,
    "Egypt vs Saudi Arabia": 0.04944,
    "Egypt vs Mexico": 0.03494,
    "Belgium vs Austria": 0.05832,
    "Belgium vs Saudi Arabia": 0.06798,
    "Iran vs Germany": 0.0184,
    "Iran vs South Korea": 0.03698,
    "Iran vs Argentina": 0.03192,
    "Iran vs France": 0.03666,
    "Iran vs Austria": 0.0444,
    "Iran vs Saudi Arabia": 0.0504,
    "Belgium vs Czechia": 0.07716,
    "Belgium vs France": 0.04932,
    "Belgium vs Jordan": 0.05762,
    "Iran vs Iraq": 0.04494,
    "Iran vs Cabo Verde": 0.04878,
    "Belgium vs Norway": 0.05558,
    "Belgium vs Spain": 0.03202,
    "Belgium vs C\u00f4te d'Ivoire": 0.08506,
    "Belgium vs Algeria": 0.06032,
    "Belgium vs Ecuador": 0.07756,
    "Belgium vs South Korea": 0.05088,
    "Belgium vs Iraq": 0.0567,
    "Egypt vs South Africa": 0.04282,
    "Egypt vs Cura\u00e7ao": 0.04462,
    "Egypt vs Norway": 0.04354,
    "Egypt vs C\u00f4te d'Ivoire": 0.06524,
    "Egypt vs Austria": 0.0456,
    "New Zealand vs South Korea": 0.02416,
    "New Zealand vs Spain": 0.01634,
    "New Zealand vs Jordan": 0.02692,
    "Iran vs Senegal": 0.04588,
    "Iran vs C\u00f4te d'Ivoire": 0.06282,
    "Belgium vs Argentina": 0.04248,
    "Belgium vs Senegal": 0.05854,
    "Egypt vs Algeria": 0.04568,
    "Belgium vs Cabo Verde": 0.0629,
    "Belgium vs Cura\u00e7ao": 0.05752,
    "New Zealand vs Uruguay": 0.03106,
    "New Zealand vs South Africa": 0.02822,
    "New Zealand vs Argentina": 0.01996,
    "Egypt vs Uruguay": 0.0475,
    "New Zealand vs Senegal": 0.0288,
    "New Zealand vs Saudi Arabia": 0.03226,
    "New Zealand vs Austria": 0.02932,
    "New Zealand vs Cabo Verde": 0.03106,
    "New Zealand vs Mexico": 0.02166,
    "New Zealand vs Ecuador": 0.03798,
    "Iran vs Algeria": 0.04756,
    "New Zealand vs Norway": 0.02908,
    "New Zealand vs C\u00f4te d'Ivoire": 0.04196,
    "Iran vs Czechia": 0.0606,
    "Egypt vs Germany": 0.01726,
    "Iran vs Mexico": 0.03484,
    "New Zealand vs Czechia": 0.04008,
    "New Zealand vs Algeria": 0.02916,
    "Belgium vs Uruguay": 0.06254,
    "Egypt vs Jordan": 0.04294,
    "Egypt vs South Korea": 0.03836,
    "Egypt vs Argentina": 0.03178,
    "Egypt vs Iraq": 0.04452,
    "Iran vs Uruguay": 0.04778,
    "Egypt vs France": 0.03712,
    "Egypt vs Spain": 0.02454,
    "Iran vs Cura\u00e7ao": 0.04474,
    "Belgium vs South Africa": 0.0558,
    "New Zealand vs France": 0.02418,
    "New Zealand vs Cura\u00e7ao": 0.0298,
    "New Zealand vs Iraq": 0.02648,
    "New Zealand vs Germany": 0.01136,
    "Belgium vs Mexico": 0.0447,
    "Belgium vs Germany": 0.02386,
    "Iran vs Spain": 0.02584
  },
  "methods": {},
  "n_sims": 50000,
  "timestamp": 1781549000.0810134,
  "computed_at": "2026-06-15T18:43:20.081266Z"
}