{
  "g_winner_prob": {
    "Belgium": 0.32536,
    "Egypt": 0.25006,
    "Iran": 0.26096,
    "New Zealand": 0.16362
  },
  "g_runnerup_prob": {
    "Belgium": 0.26842,
    "Egypt": 0.25524,
    "Iran": 0.25766,
    "New Zealand": 0.21868
  },
  "third_advance_prob": {
    "Mexico": 0.20906,
    "South Korea": 0.2203,
    "Czechia": 0.25458,
    "South Africa": 0.10578,
    "Switzerland": 0.0757,
    "Canada": 0.07522,
    "Qatar": 0.0876,
    "Bosnia": 0.0524,
    "Brazil": 0.12226,
    "Morocco": 0.13446,
    "Scotland": 0.14206,
    "Haiti": 0.06722,
    "USA": 0.07526,
    "Australia": 0.09516,
    "T\u00fcrkiye": 0.1615,
    "Paraguay": 0.12264,
    "Germany": 0.11342,
    "Ecuador": 0.32424,
    "C\u00f4te d'Ivoire": 0.2012,
    "Cura\u00e7ao": 0.1322,
    "Netherlands": 0.24288,
    "Japan": 0.25214,
    "Sweden": 0.1544,
    "Tunisia": 0.15778,
    "Belgium": 0.18818,
    "Egypt": 0.20592,
    "Iran": 0.1984,
    "New Zealand": 0.20804,
    "Spain": 0.13472,
    "Uruguay": 0.19818,
    "Saudi Arabia": 0.2169,
    "Cabo Verde": 0.2145,
    "France": 0.10702,
    "Senegal": 0.28402,
    "Norway": 0.13862,
    "Iraq": 0.19466,
    "Argentina": 0.06986,
    "Algeria": 0.25714,
    "Austria": 0.1506,
    "Jordan": 0.20736,
    "Portugal": 0.17464,
    "Colombia": 0.08958,
    "Uzbekistan": 0.17586,
    "DR Congo": 0.21416,
    "England": 0.10016,
    "Croatia": 0.26294,
    "Ghana": 0.22306,
    "Panama": 0.20602
  },
  "match82_joint_prob": {
    "New Zealand vs Iraq": 0.03246,
    "New Zealand vs Czechia": 0.04102,
    "New Zealand vs Germany": 0.0195,
    "New Zealand vs Argentina": 0.01172,
    "New Zealand vs Spain": 0.02112,
    "Belgium vs Algeria": 0.08382,
    "Belgium vs Senegal": 0.09184,
    "Belgium vs Cura\u00e7ao": 0.0433,
    "Belgium vs South Korea": 0.07074,
    "Belgium vs Cabo Verde": 0.0685,
    "Belgium vs France": 0.03338,
    "Belgium vs C\u00f4te d'Ivoire": 0.0647,
    "Belgium vs Mexico": 0.06834,
    "Belgium vs Jordan": 0.0684,
    "Belgium vs Germany": 0.03654,
    "Belgium vs Saudi Arabia": 0.07204,
    "New Zealand vs Algeria": 0.04182,
    "New Zealand vs South Korea": 0.03582,
    "New Zealand vs Senegal": 0.04642,
    "Belgium vs Iraq": 0.06388,
    "Belgium vs Czechia": 0.08376,
    "Belgium vs Norway": 0.04608,
    "Belgium vs South Africa": 0.03512,
    "Iran vs Iraq": 0.05164,
    "Iran vs Spain": 0.03572,
    "Iran vs South Korea": 0.05868,
    "Iran vs C\u00f4te d'Ivoire": 0.05394,
    "Egypt vs Senegal": 0.07118,
    "Egypt vs South Africa": 0.02602,
    "Egypt vs Jordan": 0.05114,
    "Egypt vs Cura\u00e7ao": 0.03352,
    "New Zealand vs Cura\u00e7ao": 0.02154,
    "New Zealand vs Mexico": 0.034,
    "New Zealand vs Uruguay": 0.03276,
    "Belgium vs Austria": 0.04856,
    "Iran vs Uruguay": 0.0529,
    "Iran vs Argentina": 0.01838,
    "Iran vs Czechia": 0.06632,
    "Iran vs Senegal": 0.07458,
    "New Zealand vs Norway": 0.02254,
    "New Zealand vs Saudi Arabia": 0.03526,
    "New Zealand vs Ecuador": 0.05178,
    "New Zealand vs Jordan": 0.03426,
    "Iran vs Algeria": 0.0657,
    "Iran vs Cabo Verde": 0.05556,
    "Iran vs Ecuador": 0.085,
    "Iran vs Saudi Arabia": 0.05568,
    "New Zealand vs Cabo Verde": 0.03534,
    "Egypt vs Argentina": 0.01664,
    "Egypt vs Ecuador": 0.08046,
    "Egypt vs Spain": 0.03416,
    "Egypt vs Czechia": 0.06348,
    "Belgium vs Ecuador": 0.107,
    "Belgium vs Argentina": 0.02312,
    "Iran vs Jordan": 0.05356,
    "Iran vs Germany": 0.02888,
    "Iran vs Austria": 0.03998,
    "Belgium vs Spain": 0.04372,
    "Egypt vs Algeria": 0.0658,
    "Egypt vs Saudi Arabia": 0.05392,
    "Iran vs Mexico": 0.05444,
    "Belgium vs Uruguay": 0.0642,
    "Iran vs Cura\u00e7ao": 0.03384,
    "New Zealand vs South Africa": 0.01688,
    "Egypt vs Mexico": 0.05228,
    "Egypt vs Cabo Verde": 0.0551,
    "New Zealand vs France": 0.0176,
    "Iran vs South Africa": 0.02776,
    "Egypt vs Germany": 0.0285,
    "Egypt vs France": 0.02676,
    "Egypt vs C\u00f4te d'Ivoire": 0.05052,
    "Egypt vs South Korea": 0.05506,
    "Egypt vs Iraq": 0.04668,
    "New Zealand vs C\u00f4te d'Ivoire": 0.03204,
    "Egypt vs Norway": 0.0351,
    "Iran vs France": 0.02928,
    "Iran vs Norway": 0.0349,
    "Egypt vs Austria": 0.03728,
    "Egypt vs Uruguay": 0.04832,
    "New Zealand vs Austria": 0.02478
  },
  "methods": {},
  "n_sims": 50000,
  "timestamp": 1781803070.0268373,
  "computed_at": "2026-06-18T17:17:50.027078Z"
}