{
  "g_winner_prob": {
    "Belgium": 0.1578,
    "Egypt": 0.59744,
    "Iran": 0.24476,
    "New Zealand": 0.0
  },
  "g_runnerup_prob": {
    "Belgium": 0.5792,
    "Egypt": 0.16866,
    "Iran": 0.16466,
    "New Zealand": 0.08748
  },
  "third_advance_prob": {
    "Mexico": 0.0,
    "South Korea": 0.39716,
    "Czechia": 0.14224,
    "South Africa": 0.12886,
    "Switzerland": 0.0,
    "Canada": 0.0,
    "Qatar": 0.0,
    "Bosnia": 0.0,
    "Brazil": 0.07442,
    "Morocco": 0.04718,
    "Scotland": 0.711,
    "Haiti": 0.05068,
    "USA": 0.0,
    "Australia": 0.27562,
    "T\u00fcrkiye": 0.14628,
    "Paraguay": 0.45344,
    "Germany": 0.0,
    "Ecuador": 0.05256,
    "C\u00f4te d'Ivoire": 0.39458,
    "Cura\u00e7ao": 0.05156,
    "Netherlands": 0.02804,
    "Japan": 0.2859,
    "Sweden": 0.66596,
    "Tunisia": 6e-05,
    "Belgium": 0.14596,
    "Egypt": 0.2339,
    "Iran": 0.2954,
    "New Zealand": 0.03746,
    "Spain": 0.02228,
    "Uruguay": 0.23136,
    "Saudi Arabia": 0.0211,
    "Cabo Verde": 0.08498,
    "France": 0.09528,
    "Senegal": 0.32904,
    "Norway": 0.1548,
    "Iraq": 0.21428,
    "Argentina": 0.00044,
    "Algeria": 0.22232,
    "Austria": 0.23414,
    "Jordan": 0.23508,
    "Portugal": 0.1443,
    "Colombia": 0.11006,
    "Uzbekistan": 0.20032,
    "DR Congo": 0.24752,
    "England": 0.07404,
    "Croatia": 0.27304,
    "Ghana": 0.28002,
    "Panama": 0.20734
  },
  "match82_joint_prob": {
    "Egypt vs South Africa": 0.07676,
    "Egypt vs Senegal": 0.19922,
    "Egypt vs Austria": 0.14434,
    "Iran vs Czechia": 0.0322,
    "Iran vs Jordan": 0.05322,
    "Iran vs Iraq": 0.04918,
    "Iran vs South Africa": 0.03246,
    "Iran vs Algeria": 0.052,
    "Iran vs Norway": 0.03658,
    "Iran vs Uruguay": 0.04922,
    "Iran vs South Korea": 0.09116,
    "Iran vs C\u00f4te d'Ivoire": 0.09124,
    "Egypt vs Norway": 0.09286,
    "Egypt vs Uruguay": 0.14994,
    "Egypt vs C\u00f4te d'Ivoire": 0.24492,
    "Egypt vs South Korea": 0.2461,
    "Egypt vs Jordan": 0.1466,
    "Egypt vs Cabo Verde": 0.0546,
    "Iran vs Austria": 0.0547,
    "Iran vs Senegal": 0.0798,
    "Belgium vs South Africa": 0.01964,
    "Belgium vs Senegal": 0.05002,
    "Belgium vs C\u00f4te d'Ivoire": 0.05842,
    "Egypt vs Iraq": 0.1328,
    "Egypt vs Algeria": 0.13854,
    "Egypt vs Czechia": 0.0891,
    "Egypt vs France": 0.05634,
    "Belgium vs Norway": 0.02536,
    "Belgium vs Algeria": 0.03178,
    "Egypt vs Ecuador": 0.03286,
    "Belgium vs Austria": 0.0351,
    "Iran vs France": 0.02362,
    "Belgium vs Iraq": 0.0323,
    "Belgium vs South Korea": 0.0599,
    "Belgium vs France": 0.01532,
    "Belgium vs Uruguay": 0.0322,
    "Iran vs Cura\u00e7ao": 0.01294,
    "Iran vs Cabo Verde": 0.0184,
    "Egypt vs Spain": 0.01316,
    "Egypt vs Cura\u00e7ao": 0.03012,
    "Belgium vs Spain": 0.00344,
    "Belgium vs Czechia": 0.02094,
    "Iran vs Spain": 0.00568,
    "Egypt vs Saudi Arabia": 0.01286,
    "Belgium vs Ecuador": 0.00804,
    "Belgium vs Cabo Verde": 0.01198,
    "Belgium vs Cura\u00e7ao": 0.0085,
    "Belgium vs Jordan": 0.03526,
    "Belgium vs Saudi Arabia": 0.00304,
    "Iran vs Ecuador": 0.01166,
    "Iran vs Saudi Arabia": 0.0052,
    "Egypt vs Argentina": 0.0002,
    "Iran vs Argentina": 0.00018,
    "Belgium vs Argentina": 6e-05
  },
  "methods": {},
  "n_sims": 50000,
  "timestamp": 1782152112.109241,
  "computed_at": "2026-06-22T18:15:12.109501Z"
}