{
  "g_winner_prob": {
    "Belgium": 0.32814,
    "Egypt": 0.25738,
    "Iran": 0.25306,
    "New Zealand": 0.16142
  },
  "g_runnerup_prob": {
    "Belgium": 0.27146,
    "Egypt": 0.25694,
    "Iran": 0.26068,
    "New Zealand": 0.21092
  },
  "third_advance_prob": {
    "Mexico": 0.14142,
    "South Korea": 0.1488,
    "Czechia": 0.23424,
    "South Africa": 0.16994,
    "Switzerland": 0.111,
    "Canada": 0.11422,
    "Qatar": 0.13088,
    "Bosnia": 0.1514,
    "Brazil": 0.1696,
    "Morocco": 0.18744,
    "Scotland": 0.19708,
    "Haiti": 0.14176,
    "USA": 0.13796,
    "Australia": 0.07482,
    "T\u00fcrkiye": 0.135,
    "Paraguay": 0.10316,
    "Germany": 0.0706,
    "Ecuador": 0.23336,
    "C\u00f4te d'Ivoire": 0.25684,
    "Cura\u00e7ao": 0.18044,
    "Netherlands": 0.26808,
    "Japan": 0.2849,
    "Sweden": 0.15754,
    "Tunisia": 0.20504,
    "Belgium": 0.1591,
    "Egypt": 0.17076,
    "Iran": 0.17104,
    "New Zealand": 0.17412,
    "Spain": 0.11604,
    "Uruguay": 0.17396,
    "Saudi Arabia": 0.1813,
    "Cabo Verde": 0.17598,
    "France": 0.14942,
    "Senegal": 0.1801,
    "Norway": 0.1717,
    "Iraq": 0.17472,
    "Argentina": 0.127,
    "Algeria": 0.1809,
    "Austria": 0.17722,
    "Jordan": 0.17156,
    "Portugal": 0.15344,
    "Colombia": 0.15482,
    "Uzbekistan": 0.17574,
    "DR Congo": 0.18422,
    "England": 0.14524,
    "Croatia": 0.1667,
    "Ghana": 0.1793,
    "Panama": 0.1801
  },
  "match82_joint_prob": {
    "Egypt vs C\u00f4te d'Ivoire": 0.06584,
    "Egypt vs Norway": 0.04542,
    "Egypt vs Jordan": 0.04328,
    "Egypt vs Czechia": 0.06092,
    "Egypt vs Ecuador": 0.06014,
    "Egypt vs France": 0.03738,
    "Iran vs Austria": 0.0444,
    "Iran vs Iraq": 0.04524,
    "Iran vs Cura\u00e7ao": 0.04642,
    "Iran vs Czechia": 0.05976,
    "Egypt vs Saudi Arabia": 0.04692,
    "Egypt vs South Africa": 0.04214,
    "Egypt vs Austria": 0.04634,
    "Belgium vs C\u00f4te d'Ivoire": 0.08352,
    "Belgium vs Senegal": 0.06034,
    "Belgium vs Algeria": 0.0593,
    "Egypt vs Senegal": 0.04628,
    "Egypt vs Cabo Verde": 0.04552,
    "Iran vs South Korea": 0.03786,
    "Iran vs Saudi Arabia": 0.04554,
    "Iran vs France": 0.03834,
    "Iran vs Cabo Verde": 0.04408,
    "Egypt vs Cura\u00e7ao": 0.0456,
    "New Zealand vs Algeria": 0.02976,
    "New Zealand vs Mexico": 0.02316,
    "New Zealand vs Cura\u00e7ao": 0.02866,
    "New Zealand vs Uruguay": 0.02836,
    "Iran vs Senegal": 0.0444,
    "Iran vs C\u00f4te d'Ivoire": 0.06698,
    "Iran vs Algeria": 0.04516,
    "Belgium vs Uruguay": 0.05628,
    "Belgium vs Ecuador": 0.07726,
    "Belgium vs Norway": 0.0564,
    "Belgium vs Czechia": 0.07624,
    "Belgium vs Jordan": 0.05626,
    "Belgium vs Saudi Arabia": 0.05932,
    "Iran vs Spain": 0.02868,
    "Belgium vs Austria": 0.05798,
    "Belgium vs South Africa": 0.05742,
    "Iran vs Mexico": 0.03512,
    "Iran vs Norway": 0.04356,
    "Iran vs South Africa": 0.04316,
    "Iran vs Ecuador": 0.05806,
    "Egypt vs Germany": 0.01764,
    "Egypt vs Iraq": 0.04502,
    "Belgium vs Cura\u00e7ao": 0.05976,
    "Belgium vs Spain": 0.03908,
    "Egypt vs Mexico": 0.03664,
    "Egypt vs Argentina": 0.03244,
    "Belgium vs France": 0.04838,
    "New Zealand vs C\u00f4te d'Ivoire": 0.0405,
    "New Zealand vs South Korea": 0.02412,
    "New Zealand vs Norway": 0.02632,
    "Iran vs Argentina": 0.03316,
    "Egypt vs Spain": 0.02918,
    "Iran vs Uruguay": 0.0431,
    "Iran vs Jordan": 0.04376,
    "Egypt vs South Korea": 0.03768,
    "Egypt vs Algeria": 0.04668,
    "New Zealand vs Austria": 0.0285,
    "New Zealand vs France": 0.02532,
    "Belgium vs Cabo Verde": 0.05878,
    "Egypt vs Uruguay": 0.04622,
    "Belgium vs Mexico": 0.0465,
    "New Zealand vs Argentina": 0.0199,
    "New Zealand vs Spain": 0.0191,
    "Iran vs Germany": 0.01792,
    "New Zealand vs Saudi Arabia": 0.02952,
    "New Zealand vs Jordan": 0.02826,
    "Belgium vs Iraq": 0.05658,
    "New Zealand vs Ecuador": 0.0379,
    "Belgium vs South Korea": 0.04914,
    "New Zealand vs Cabo Verde": 0.0276,
    "New Zealand vs Czechia": 0.03732,
    "New Zealand vs Iraq": 0.02788,
    "Belgium vs Germany": 0.02336,
    "New Zealand vs Germany": 0.01168,
    "New Zealand vs South Africa": 0.02722,
    "Belgium vs Argentina": 0.0415,
    "New Zealand vs Senegal": 0.02908
  },
  "methods": {},
  "n_sims": 50000,
  "timestamp": 1781534275.4415324,
  "computed_at": "2026-06-15T14:37:55.441792Z"
}